utc,seconds_from_recording_start,elevation_deg
2026-09-23T22:41:00+00:00,-11,-0.5995969418160229
2026-09-23T22:41:02+00:00,-9,-0.48227630256841353
2026-09-23T22:41:04+00:00,-7,-0.3645105416262885
2026-09-23T22:41:06+00:00,-5,-0.24629449715741422
2026-09-23T22:41:08+00:00,-3,-0.12762293001139902
2026-09-23T22:41:10+00:00,-1,-0.00849052232325608
2026-09-23T22:41:12+00:00,1,0.1111081239064676
2026-09-23T22:41:14+00:00,3,0.2311784882649163
2026-09-23T22:41:16+00:00,5,0.3517261334091959
2026-09-23T22:41:18+00:00,7,0.47275670657806523
2026-09-23T22:41:20+00:00,9,0.594275941136955
2026-09-23T22:41:22+00:00,11,0.7162896581522954
2026-09-23T22:41:24+00:00,13,0.8388037680015754
2026-09-23T22:41:26+00:00,15,0.9618242720152599
2026-09-23T22:41:28+00:00,17,1.0853572641547033
2026-09-23T22:41:30+00:00,19,1.2094089327200392
2026-09-23T22:41:32+00:00,21,1.3339855621011847
2026-09-23T22:41:34+00:00,23,1.4590935345604734
2026-09-23T22:41:36+00:00,25,1.5847393320527998
2026-09-23T22:41:38+00:00,27,1.7109295380872596
2026-09-23T22:41:40+00:00,29,1.8376708396252357
2026-09-23T22:41:42+00:00,31,1.964970029018547
2026-09-23T22:41:44+00:00,33,2.0928340059880166
2026-09-23T22:41:46+00:00,35,2.221269779647249
2026-09-23T22:41:48+00:00,37,2.3502844705649903
2026-09-23T22:41:50+00:00,39,2.479885312873859
2026-09-23T22:41:52+00:00,41,2.6100796564202415
2026-09-23T22:41:54+00:00,43,2.740874968965119
2026-09-23T22:41:56+00:00,45,2.872278838426874
2026-09-23T22:41:58+00:00,47,3.0042989751739335
2026-09-23T22:42:00+00:00,49,3.1369432143640563
2026-09-23T22:42:02+00:00,51,3.270219518337216
2026-09-23T22:42:04+00:00,53,3.404135979055843
2026-09-23T22:42:06+00:00,55,3.5387008205956314
2026-09-23T22:42:08+00:00,57,3.673922401696167
2026-09-23T22:42:10+00:00,59,3.8098092183571515
2026-09-23T22:42:12+00:00,61,3.9463699064978837
2026-09-23T22:42:14+00:00,63,4.08361324466496
2026-09-23T22:42:16+00:00,65,4.221548156807198
2026-09-23T22:42:18+00:00,67,4.360183715101014
2026-09-23T22:42:20+00:00,69,4.499529142841653
2026-09-23T22:42:22+00:00,71,4.639593817390755
2026-09-23T22:42:24+00:00,73,4.78038727319451
2026-09-23T22:42:26+00:00,75,4.921919204856882
2026-09-23T22:42:28+00:00,77,5.064199470284362
2026-09-23T22:42:30+00:00,79,5.20723809389335
2026-09-23T22:42:32+00:00,81,5.351045269890907
2026-09-23T22:42:34+00:00,83,5.495631365619117
2026-09-23T22:42:36+00:00,85,5.641006924972586
2026-09-23T22:42:38+00:00,87,5.787182671890299
2026-09-23T22:42:40+00:00,89,5.934169513917024
2026-09-23T22:42:42+00:00,91,6.081978545843259
2026-09-23T22:42:44+00:00,93,6.230621053418756
2026-09-23T22:42:46+00:00,95,6.380108517146226
2026-09-23T22:42:48+00:00,97,6.530452616153032
2026-09-23T22:42:50+00:00,99,6.681665232145485
2026-09-23T22:42:52+00:00,101,6.833758453440019
2026-09-23T22:42:54+00:00,103,6.986744579086787
2026-09-23T22:42:56+00:00,105,7.140636123071449
2026-09-23T22:42:58+00:00,107,7.295445818604167
2026-09-23T22:43:00+00:00,109,7.451186622500646
2026-09-23T22:43:02+00:00,111,7.607871719648591
2026-09-23T22:43:04+00:00,113,7.76551452756795
2026-09-23T22:43:06+00:00,115,7.924128701058973
2026-09-23T22:43:08+00:00,117,8.083728136950763
2026-09-23T22:43:10+00:00,119,8.24432697893861
2026-09-23T22:43:12+00:00,121,8.405939622520266
2026-09-23T22:43:14+00:00,123,8.568580720028711
2026-09-23T22:43:16+00:00,125,8.73226518576658
2026-09-23T22:43:18+00:00,127,8.897008201235986
2026-09-23T22:43:20+00:00,129,9.062825220474085
2026-09-23T22:43:22+00:00,131,9.229731975484988
2026-09-23T22:43:24+00:00,133,9.39774448178143
2026-09-23T22:43:26+00:00,135,9.566879044027031
2026-09-23T22:43:28+00:00,137,9.737152261780082
2026-09-23T22:43:30+00:00,139,9.90858103535049
2026-09-23T22:43:32+00:00,141,10.081182571755923
2026-09-23T22:43:34+00:00,143,10.254974390788204
2026-09-23T22:43:36+00:00,145,10.429974331182825
2026-09-23T22:43:38+00:00,147,10.60620055690156
2026-09-23T22:43:40+00:00,149,10.783671563515922
2026-09-23T22:43:42+00:00,151,10.962406184701328
2026-09-23T22:43:44+00:00,153,11.142423598832684
2026-09-23T22:43:46+00:00,155,11.323743335693083
2026-09-23T22:43:48+00:00,157,11.50638528328186
2026-09-23T22:43:50+00:00,159,11.690369694727394
2026-09-23T22:43:52+00:00,161,11.875717195300194
2026-09-23T22:43:54+00:00,163,12.062448789533157
2026-09-23T22:43:56+00:00,165,12.250585868432838
2026-09-23T22:43:58+00:00,167,12.440150216787533
2026-09-23T22:44:00+00:00,169,12.63116402057461
2026-09-23T22:44:02+00:00,171,12.823649874449142
2026-09-23T22:44:04+00:00,173,13.017630789324528
2026-09-23T22:44:06+00:00,175,13.213130200028417
2026-09-23T22:44:08+00:00,177,13.410171973042855
2026-09-23T22:44:10+00:00,179,13.608780414309086
2026-09-23T22:44:12+00:00,181,13.808980277100092
2026-09-23T22:44:14+00:00,183,14.01079676994641
2026-09-23T22:44:16+00:00,185,14.214255564621432
2026-09-23T22:44:18+00:00,187,14.419382804158747
2026-09-23T22:44:20+00:00,189,14.626205110906715
2026-09-23T22:44:22+00:00,191,14.834749594600753
2026-09-23T22:44:24+00:00,193,15.04504386045251
2026-09-23T22:44:26+00:00,195,15.257116017230693
2026-09-23T22:44:28+00:00,197,15.470994685324643
2026-09-23T22:44:30+00:00,199,15.686709004784756
2026-09-23T22:44:32+00:00,201,15.904288643305598
2026-09-23T22:44:34+00:00,203,16.123763804148272
2026-09-23T22:44:36+00:00,205,16.34516523397396
2026-09-23T22:44:38+00:00,207,16.56852423057296
2026-09-23T22:44:40+00:00,209,16.793872650461104
2026-09-23T22:44:42+00:00,211,17.021242916319352
2026-09-23T22:44:44+00:00,213,17.250668024247805
2026-09-23T22:44:46+00:00,215,17.482181550811195
2026-09-23T22:44:48+00:00,217,17.71581765983111
2026-09-23T22:44:50+00:00,219,17.95161110889641
2026-09-23T22:44:52+00:00,221,18.18959725555933
2026-09-23T22:44:54+00:00,223,18.429812063159968
2026-09-23T22:44:56+00:00,225,18.672292106252407
2026-09-23T22:44:58+00:00,227,18.917074575564634
2026-09-23T22:45:00+00:00,229,19.16419728246372
2026-09-23T22:45:02+00:00,231,19.413698662843775
2026-09-23T22:45:04+00:00,233,19.665617780394534
2026-09-23T22:45:06+00:00,235,19.919994329172223
2026-09-23T22:45:08+00:00,237,20.17686863541545
2026-09-23T22:45:10+00:00,239,20.43628165851211
2026-09-23T22:45:12+00:00,241,20.69827499104918
2026-09-23T22:45:14+00:00,243,20.96289085784322
2026-09-23T22:45:16+00:00,245,21.230172113874893
2026-09-23T22:45:18+00:00,247,21.50016224099959
2026-09-23T22:45:20+00:00,249,21.77290534334209
2026-09-23T22:45:22+00:00,251,22.04844614125024
2026-09-23T22:45:24+00:00,253,22.326829963675014
2026-09-23T22:45:26+00:00,255,22.60810273884613
2026-09-23T22:45:28+00:00,257,22.892310983084336
2026-09-23T22:45:30+00:00,259,23.17950178761093
2026-09-23T22:45:32+00:00,261,23.46972280315879
2026-09-23T22:45:34+00:00,263,23.763022222219607
2026-09-23T22:45:36+00:00,265,24.05944875872353
2026-09-23T22:45:38+00:00,267,24.359051624946154
2026-09-23T22:45:40+00:00,269,24.66188050540598
2026-09-23T22:45:42+00:00,271,24.967985527524213
2026-09-23T22:45:44+00:00,273,25.277417228772023
2026-09-23T22:45:46+00:00,275,25.590226520048628
2026-09-23T22:45:48+00:00,277,25.906464644971173
2026-09-23T22:45:50+00:00,279,26.226183134765332
2026-09-23T22:45:52+00:00,281,26.549433758435647
2026-09-23T22:45:54+00:00,283,26.876268467819237
2026-09-23T22:45:56+00:00,285,27.206739337165253
2026-09-23T22:45:58+00:00,287,27.540898496797762
2026-09-23T22:46:00+00:00,289,27.878798060451654
2026-09-23T22:46:02+00:00,291,28.220490045780267
2026-09-23T22:46:04+00:00,293,28.566026287548375
2026-09-23T22:46:06+00:00,295,28.91545834295914
2026-09-23T22:46:08+00:00,297,29.268837388572017
2026-09-23T22:46:10+00:00,299,29.626214108163953
2026-09-23T22:46:12+00:00,301,29.98763857091205
2026-09-23T22:46:14+00:00,303,30.353160099213106
2026-09-23T22:46:16+00:00,305,30.722827125381986
2026-09-23T22:46:18+00:00,307,31.096687036479686
2026-09-23T22:46:20+00:00,309,31.47478600642049
2026-09-23T22:46:22+00:00,311,31.85716881451955
2026-09-23T22:46:24+00:00,313,32.243878649499806
2026-09-23T22:46:26+00:00,315,32.634956898042994
2026-09-23T22:46:28+00:00,317,33.03044291678374
2026-09-23T22:46:30+00:00,319,33.430373786702695
2026-09-23T22:46:32+00:00,321,33.83478404873168
2026-09-23T22:46:34+00:00,323,34.2437054193574
2026-09-23T22:46:36+00:00,325,34.65716648494267
2026-09-23T22:46:38+00:00,327,35.07519237343456
2026-09-23T22:46:40+00:00,329,35.49780440200648
2026-09-23T22:46:42+00:00,331,35.92501969916956
2026-09-23T22:46:44+00:00,333,36.35685079982468
2026-09-23T22:46:46+00:00,335,36.79330521158861
2026-09-23T22:46:48+00:00,337,37.23438495074398
2026-09-23T22:46:50+00:00,339,37.68008604603849
2026-09-23T22:46:52+00:00,341,38.13039800854434
2026-09-23T22:46:54+00:00,343,38.585303265665104
2026-09-23T22:46:56+00:00,345,39.04477655739247
2026-09-23T22:46:58+00:00,347,39.50878429283308
2026-09-23T22:47:00+00:00,349,39.97728386498062
2026-09-23T22:47:02+00:00,351,40.45022292170924
2026-09-23T22:47:04+00:00,353,40.92753859093398
2026-09-23T22:47:06+00:00,355,41.4091566578892
2026-09-23T22:47:08+00:00,357,41.89499069253052
2026-09-23T22:47:10+00:00,359,42.384941125104575
2026-09-23T22:47:12+00:00,361,42.87889426798457
2026-09-23T22:47:14+00:00,363,43.37672128209963
2026-09-23T22:47:16+00:00,365,43.87827708637494
2026-09-23T22:47:18+00:00,367,44.383399208824926
2026-09-23T22:47:20+00:00,369,44.89190657840068
2026-09-23T22:47:22+00:00,371,45.403598256883654
2026-09-23T22:47:24+00:00,373,45.91825211076302
2026-09-23T22:47:26+00:00,375,46.43562342357335
2026-09-23T22:47:28+00:00,377,46.955443449928154
2026-09-23T22:47:30+00:00,379,47.4774179135225
2026-09-23T22:47:32+00:00,381,48.00122545225003
2026-09-23T22:47:34+00:00,383,48.52651601517654
2026-09-23T22:47:36+00:00,385,49.05290921761693
2026-09-23T22:47:38+00:00,387,49.57999266239996
2026-09-23T22:47:40+00:00,389,50.10732023786477
2026-09-23T22:47:42+00:00,391,50.634410405620194
2026-09-23T22:47:44+00:00,393,51.160744494345515
2026-09-23T22:47:46+00:00,395,51.68576501943681
2026-09-23T22:47:48+00:00,397,52.20887405258664
2026-09-23T22:47:50+00:00,399,52.729431670007
2026-09-23T22:47:52+00:00,401,53.246754513535116
2026-09-23T22:47:54+00:00,403,53.76011450485583
2026-09-23T22:47:56+00:00,405,54.268737759495615
2026-09-23T22:47:58+00:00,407,54.77180375478348
2026-09-23T22:48:00+00:00,409,55.26844481334465
2026-09-23T22:48:02+00:00,411,55.75774597155463
2026-09-23T22:48:04+00:00,413,56.238745310476915
2026-09-23T22:48:06+00:00,415,56.710434833976855
2026-09-23T22:48:08+00:00,417,57.17176198542934
2026-09-23T22:48:10+00:00,419,57.621631899281944
2026-09-23T22:48:12+00:00,421,58.05891048642924
2026-09-23T22:48:14+00:00,423,58.48242845152812
2026-09-23T22:48:16+00:00,425,58.890986335280566
2026-09-23T22:48:18+00:00,427,59.283360664113246
2026-09-23T22:48:20+00:00,429,59.6583112723765
2026-09-23T22:48:22+00:00,431,60.01458983725313
2026-09-23T22:48:24+00:00,433,60.35094963336062
2026-09-23T22:48:26+00:00,435,60.66615647224514
2026-09-23T22:48:28+00:00,437,60.95900074174646
2026-09-23T22:48:30+00:00,439,61.22831040340754
2026-09-23T22:48:32+00:00,441,61.47296474456968
2026-09-23T22:48:34+00:00,443,61.691908618441715
2026-09-23T22:48:36+00:00,445,61.884166845634
2026-09-23T22:48:38+00:00,447,62.048858398552404
2026-09-23T22:48:40+00:00,449,62.185209950722324
2026-09-23T22:48:42+00:00,451,62.292568353678426
2026-09-23T22:48:44+00:00,453,62.37041160608175
2026-09-23T22:48:46+00:00,455,62.418357908020106
2026-09-23T22:48:48+00:00,457,62.436172448145705
2026-09-23T22:48:50+00:00,459,62.42377164938857
2026-09-23T22:48:52+00:00,461,62.38122469773325
2026-09-23T22:48:54+00:00,463,62.30875228961097
2026-09-23T22:48:56+00:00,465,62.206722649966984
2026-09-23T22:48:58+00:00,467,62.07564498525095
2026-09-23T22:49:00+00:00,469,61.91616063578575
2026-09-23T22:49:02+00:00,471,61.72903227292786
2026-09-23T22:49:04+00:00,473,61.51513154382046
2026-09-23T22:49:06+00:00,475,61.275425597253076
2026-09-23T22:49:08+00:00,477,61.01096292988679
2026-09-23T22:49:10+00:00,479,60.7228589740292
2026-09-23T22:49:12+00:00,481,60.41228181061126
2026-09-23T22:49:14+00:00,483,60.08043834085084
2026-09-23T22:49:16+00:00,485,59.728561189809284
2026-09-23T22:49:18+00:00,487,59.35789655224974
2026-09-23T22:49:20+00:00,489,58.96969312919037
2026-09-23T22:49:22+00:00,491,58.565192245948865
2026-09-23T22:49:24+00:00,493,58.14561919099985
2026-09-23T22:49:26+00:00,495,57.71217577293936
2026-09-23T22:49:28+00:00,497,57.2660340579197
2026-09-23T22:49:30+00:00,499,56.808331224458094
2026-09-23T22:49:32+00:00,501,56.340165454378045
2026-09-23T22:49:34+00:00,503,55.86259276720684
2026-09-23T22:49:36+00:00,505,55.37662469999509
2026-09-23T22:49:38+00:00,507,54.88322673296299
2026-09-23T22:49:40+00:00,509,54.38331736416181
2026-09-23T22:49:42+00:00,511,53.87776774073919
2026-09-23T22:49:44+00:00,513,53.367401760984805
2026-09-23T22:49:46+00:00,515,52.852996568829106
2026-09-23T22:49:48+00:00,517,52.335283370203996
2026-09-23T22:49:50+00:00,519,51.81494850858648
2026-09-23T22:49:52+00:00,521,51.29263474491708
2026-09-23T22:49:54+00:00,523,50.76894269432356
2026-09-23T22:49:56+00:00,525,50.24443237843571
2026-09-23T22:49:58+00:00,527,49.71962485879825
2026-09-23T22:50:00+00:00,529,49.19500392190201
2026-09-23T22:50:02+00:00,531,48.67101779128056
2026-09-23T22:50:04+00:00,533,48.148080846616374
2026-09-23T22:50:06+00:00,535,47.62657533312724
2026-09-23T22:50:08+00:00,537,47.10685304794658
2026-09-23T22:50:10+00:00,539,46.58923699286902
2026-09-23T22:50:12+00:00,541,46.07402298511362
2026-09-23T22:50:14+00:00,543,45.56148121966278
2026-09-23T22:50:16+00:00,545,45.051857778595235
2026-09-23T22:50:18+00:00,547,44.54537608390007
2026-09-23T22:50:20+00:00,549,44.04223829167008
2026-09-23T22:50:22+00:00,551,43.54262662628755
2026-09-23T22:50:24+00:00,553,43.04670465418285
2026-09-23T22:50:26+00:00,555,42.55461849725973
2026-09-23T22:50:28+00:00,557,42.066497986538394
2026-09-23T22:50:30+00:00,559,41.58245775710199
2026-09-23T22:50:32+00:00,561,41.10259828569363
2026-09-23T22:50:34+00:00,563,40.627006872441996
2026-09-23T22:50:36+00:00,565,40.15575856854091
2026-09-23T22:50:38+00:00,567,39.68891705181318
2026-09-23T22:50:40+00:00,569,39.22653545201266
2026-09-23T22:50:42+00:00,571,38.7686571280172
2026-09-23T22:50:44+00:00,573,38.315316398931344
2026-09-23T22:50:46+00:00,575,37.866539231135995
2026-09-23T22:50:48+00:00,577,37.42234388340634
2026-09-23T22:50:50+00:00,579,36.98274151213907
2026-09-23T22:50:52+00:00,581,36.547736738571444
2026-09-23T22:50:54+00:00,583,36.11732818006288
2026-09-23T22:50:56+00:00,585,35.691508947319036
2026-09-23T22:50:58+00:00,587,35.270267109243854
2026-09-23T22:51:00+00:00,589,34.853586127418495
2026-09-23T22:51:02+00:00,591,34.44144526169972
2026-09-23T22:51:04+00:00,593,34.03381994870902
2026-09-23T22:51:06+00:00,595,33.63068215466444
2026-09-23T22:51:08+00:00,597,33.232000704134514
2026-09-23T22:51:10+00:00,599,32.837741586139344
2026-09-23T22:51:12+00:00,601,32.4478682388535
2026-09-23T22:51:14+00:00,603,32.062341814316916
2026-09-23T22:51:16+00:00,605,31.681121424327266
2026-09-23T22:51:18+00:00,607,31.304164368670566
2026-09-23T22:51:20+00:00,609,30.931426346785635
2026-09-23T22:51:22+00:00,611,30.562861653973222
2026-09-23T22:51:24+00:00,613,30.198423363004018
2026-09-23T22:51:26+00:00,615,29.838063492188148
2026-09-23T22:51:28+00:00,617,29.481733160701165
2026-09-23T22:51:30+00:00,619,29.129382732010654
2026-09-23T22:51:32+00:00,621,28.780961946212518
2026-09-23T22:51:34+00:00,623,28.436420041979108
2026-09-23T22:51:36+00:00,625,28.095705868795793
2026-09-23T22:51:38+00:00,627,27.758767990197818
2026-09-23T22:51:40+00:00,629,27.42555477854246
2026-09-23T22:51:42+00:00,631,27.096014501929698
2026-09-23T22:51:44+00:00,633,26.770095403819727
2026-09-23T22:51:46+00:00,635,26.447745775820696
2026-09-23T22:51:48+00:00,637,26.12891402411938
2026-09-23T22:51:50+00:00,639,25.81354873003825
2026-09-23T22:51:52+00:00,641,25.5015987050701
2026-09-23T22:51:54+00:00,643,25.193013040855387
2026-09-23T22:51:56+00:00,645,24.887741154387633
2026-09-23T22:51:58+00:00,647,24.585732828843586
2026-09-23T22:52:00+00:00,649,24.28693825033342
2026-09-23T22:52:02+00:00,651,23.991308040851163
2026-09-23T22:52:04+00:00,653,23.698793287751375
2026-09-23T22:52:06+00:00,655,23.409345569964287
2026-09-23T22:52:08+00:00,657,23.122916981206533
2026-09-23T22:52:10+00:00,659,22.839460150420194
2026-09-23T22:52:12+00:00,661,22.558928259659755
2026-09-23T22:52:14+00:00,663,22.28127505956891
2026-09-23T22:52:16+00:00,665,22.00645488272109
2026-09-23T22:52:18+00:00,667,21.73442265491669
2026-09-23T22:52:20+00:00,669,21.465133904621595
2026-09-23T22:52:22+00:00,671,21.198544770704327
2026-09-23T22:52:24+00:00,673,20.934612008611815
2026-09-23T22:52:26+00:00,675,20.67329299507364
2026-09-23T22:52:28+00:00,677,20.414545731523763
2026-09-23T22:52:30+00:00,679,20.158328846271896
2026-09-23T22:52:32+00:00,681,19.904601595592897
2026-09-23T22:52:34+00:00,683,19.653323863787076
2026-09-23T22:52:36+00:00,685,19.404456162313313
2026-09-23T22:52:38+00:00,687,19.157959628108543
2026-09-23T22:52:40+00:00,689,18.913796021103202
2026-09-23T22:52:42+00:00,691,18.671927721074333
2026-09-23T22:52:44+00:00,693,18.43231772385463
2026-09-23T22:52:46+00:00,695,18.19492963697867
2026-09-23T22:52:48+00:00,697,17.959727674814523
2026-09-23T22:52:50+00:00,699,17.726676653258778
2026-09-23T22:52:52+00:00,701,17.495741983991582
2026-09-23T22:52:54+00:00,703,17.266889668388473
2026-09-23T22:52:56+00:00,705,17.040086291111553
2026-09-23T22:52:58+00:00,707,16.815299013394995
2026-09-23T22:53:00+00:00,709,16.59249556610705
2026-09-23T22:53:02+00:00,711,16.37164424258644
2026-09-23T22:53:04+00:00,713,16.152713891282584
2026-09-23T22:53:06+00:00,715,15.935673908254344
2026-09-23T22:53:08+00:00,717,15.720494229526738
2026-09-23T22:53:10+00:00,719,15.507145323336307
2026-09-23T22:53:12+00:00,721,15.295598182295013
2026-09-23T22:53:14+00:00,723,15.085824315486658
2026-09-23T22:53:16+00:00,725,14.877795740508887
2026-09-23T22:53:18+00:00,727,14.671484975481118
2026-09-23T22:53:20+00:00,729,14.46686503103614
2026-09-23T22:53:22+00:00,731,14.263909402317438
2026-09-23T22:53:24+00:00,733,14.062592060967079
2026-09-23T22:53:26+00:00,735,13.862887447145058
2026-09-23T22:53:28+00:00,737,13.664770461584396
2026-09-23T22:53:30+00:00,739,13.468216457667705
2026-09-23T22:53:32+00:00,741,13.273201233565795
2026-09-23T22:53:34+00:00,743,13.079701024437437
2026-09-23T22:53:36+00:00,745,12.88769249467813
2026-09-23T22:53:38+00:00,747,12.697152730245103
2026-09-23T22:53:40+00:00,749,12.50805923106349
2026-09-23T22:53:42+00:00,751,12.320389903492407
2026-09-23T22:53:44+00:00,753,12.134123052909024
2026-09-23T22:53:46+00:00,755,11.949237376343877
2026-09-23T22:53:48+00:00,757,11.765711955231225
2026-09-23T22:53:50+00:00,759,11.58352624824857
2026-09-23T22:53:52+00:00,761,11.402660084252965
2026-09-23T22:53:54+00:00,763,11.223093655307327
2026-09-23T22:53:56+00:00,765,11.044807509825175
2026-09-23T22:53:58+00:00,767,10.867782545805962
2026-09-23T22:54:00+00:00,769,10.69200000417506
2026-09-23T22:54:02+00:00,771,10.517441462229934
2026-09-23T22:54:04+00:00,773,10.344088827189378
2026-09-23T22:54:06+00:00,775,10.171924329857356
2026-09-23T22:54:08+00:00,777,10.000930518376665
2026-09-23T22:54:10+00:00,779,9.831090252102108
2026-09-23T22:54:12+00:00,781,9.662386695575798
2026-09-23T22:54:14+00:00,783,9.494803312604246
2026-09-23T22:54:16+00:00,785,9.328323860440072
2026-09-23T22:54:18+00:00,787,9.162932384080754
2026-09-23T22:54:20+00:00,789,8.998613210650934
2026-09-23T22:54:22+00:00,791,8.835350943905214
2026-09-23T22:54:24+00:00,793,8.67313045882681
2026-09-23T22:54:26+00:00,795,8.51193689631863
2026-09-23T22:54:28+00:00,797,8.351755658012312
2026-09-23T22:54:30+00:00,799,8.192572401166021
2026-09-23T22:54:32+00:00,801,8.034373033654543
2026-09-23T22:54:34+00:00,803,7.877143709068736
2026-09-23T22:54:36+00:00,805,7.720870821900215
2026-09-23T22:54:38+00:00,807,7.565541002831201
2026-09-23T22:54:40+00:00,809,7.4111411141024615
2026-09-23T22:54:42+00:00,811,7.257658244984819
2026-09-23T22:54:44+00:00,813,7.105079707339611
2026-09-23T22:54:46+00:00,815,6.953393031260374
2026-09-23T22:54:48+00:00,817,6.802585960805204
2026-09-23T22:54:50+00:00,819,6.652646449825669
2026-09-23T22:54:52+00:00,821,6.503562657863195
2026-09-23T22:54:54+00:00,823,6.355322946136586
2026-09-23T22:54:56+00:00,825,6.207915873615997
2026-09-23T22:54:58+00:00,827,6.061330193167229
2026-09-23T22:55:00+00:00,829,5.915554847781759
2026-09-23T22:55:02+00:00,831,5.770578966883665
2026-09-23T22:55:04+00:00,833,5.62639186270651
2026-09-23T22:55:06+00:00,835,5.482983026754172
2026-09-23T22:55:08+00:00,837,5.340342126326421
2026-09-23T22:55:10+00:00,839,5.198459001119075
2026-09-23T22:55:12+00:00,841,5.0573236598960385
2026-09-23T22:55:14+00:00,843,4.916926277231559
2026-09-23T22:55:16+00:00,845,4.777257190312209
2026-09-23T22:55:18+00:00,847,4.638306895813318
2026-09-23T22:55:20+00:00,849,4.500066046840362
2026-09-23T22:55:22+00:00,851,4.362525449924898
2026-09-23T22:55:24+00:00,853,4.225676062094232
2026-09-23T22:55:26+00:00,855,4.0895089879938
2026-09-23T22:55:28+00:00,857,3.954015477076728
2026-09-23T22:55:30+00:00,859,3.819186920842763
2026-09-23T22:55:32+00:00,861,3.6850148501416964
2026-09-23T22:55:34+00:00,863,3.5514909325325563
2026-09-23T22:55:36+00:00,865,3.418606969693556
2026-09-23T22:55:38+00:00,867,3.2863548948903145
2026-09-23T22:55:40+00:00,869,3.1547267704955035
2026-09-23T22:55:42+00:00,871,3.023714785555
2026-09-23T22:55:44+00:00,873,2.8933112534133736
2026-09-23T22:55:46+00:00,875,2.7635086093868564
2026-09-23T22:55:48+00:00,877,2.6342994084750364
2026-09-23T22:55:50+00:00,879,2.5056763231316705
2026-09-23T22:55:52+00:00,881,2.3776321410806425
2026-09-23T22:55:54+00:00,883,2.250159763164305
2026-09-23T22:55:56+00:00,885,2.123252201254938
2026-09-23T22:55:58+00:00,887,1.996902576196937
2026-09-23T22:56:00+00:00,889,1.8711041157949935
2026-09-23T22:56:02+00:00,891,1.7458501528435444
2026-09-23T22:56:04+00:00,893,1.6211341231976544
2026-09-23T22:56:06+00:00,895,1.4969495638829111
2026-09-23T22:56:08+00:00,897,1.3732901112453242
2026-09-23T22:56:10+00:00,899,1.2501494991356739
2026-09-23T22:56:12+00:00,901,1.1275215571381998
2026-09-23T22:56:14+00:00,903,1.005400208826691
2026-09-23T22:56:16+00:00,905,0.8837794700610867
2026-09-23T22:56:18+00:00,907,0.7626534473233793
2026-09-23T22:56:20+00:00,909,0.6420163360768311
2026-09-23T22:56:22+00:00,911,0.5218624191679756
2026-09-23T22:56:24+00:00,913,0.40218606525699063
2026-09-23T22:56:26+00:00,915,0.28298172727908644
2026-09-23T22:56:28+00:00,917,0.16424394093886777
2026-09-23T22:56:30+00:00,919,0.045967323238739304
2026-09-23T22:56:32+00:00,921,-0.07185342897188249
2026-09-23T22:56:34+00:00,923,-0.1892235404110847
2026-09-23T22:56:36+00:00,925,-0.30614815874957185
2026-09-23T22:56:38+00:00,927,-0.4226323559756263
2026-09-23T22:56:40+00:00,929,-0.5386811297237405
